8a,SAMResult
"Dawson Group, Inc.","Dawson Group, Inc."
Dawson Technical LLC,Dawson Technical LLC
"Dawson Federal, Inc.","Dawson Federal, Inc."
"Dawson Solutions, LLC","Dawson Solutions, LLC"
Dawson Enterprises LLC,"Dawson Enterprises, LLC"
Dawson Global,"Dawson Global, LLC"
"Pelatron, Inc.","PELATRON, INC."
8a,SAMResult
8a,SAMResult
Pacific LED and Energy Corporation,ERROR
"Pelatron Technologies, LLC",Pelatron Technologies LLC
Ke`aki Technologies LLC (formerly Akimeka Technologies LLC),ERROR
"Laulima Government Solutions, LLC","Laulima Government Solutions, LLC"
"Kupono Government Services, LLC","KUPONO GOVERNMENT SERVICES, LLC"
"Kapili Services, LLC","Kapili Services, LLC"
"Po`okela Solutions, LLC",ERROR
"Kikaha Solutions, LLC","Kikaha Solutions, LLC"
"Pololei Solutions, LLC","Pololei Solutions, LLC"
Kukulu,"Kukulu, LLC"
Kuhana Associates LLC,"KUHANA ASSOCIATES, LLC"
Kili LLC,"Kili, LLC"
"Akahi Associates, LLC","Akahi Associates, LLC"
"Kako`o Services, LLC",ERROR
"GSI Pacific, Inc.",GSI Pacific Inc.
"GSI North America, Inc.",GSI North America Inc.
"GSI Global, Inc.",GSI Global Inc.
"GSI Americas, Inc.",GSI Americas Inc.
